delete from store;
delete from book_user;
delete from publisher;
delete from book;
delete from book_order;
delete from checkout;
delete from isbn;
insert into store values ('12001', '101', '36', '100', '40');
insert into store values ('12002', '120', '60', '15', '34');
insert into store values ('12003', '300', '34', '90', '2');
insert into store values ('12004', '450', '30', '442', '34');
insert into store values ('12005', '0', '24', '532', '56');
insert into store values ('12006', '123', '70', '52', '24');
insert into store values ('12007', '200', '30', '345', '23');
insert into store values ('12008', '1000', '200', '2000', '15');
insert into store values ('12009', '50', '23', '460', '10');
insert into store values ('12010', '1', '20', '45', '9');
insert into publisher values ('5001', 'Charles Suribners Sons', '348 Fairground Street, Desoto, TX 75115', 'CSSons@Gmail.com', '(905) 555-2345', '236.50');
insert into publisher values ('5002', 'Olympia Press', '8644 W. Linden Dr., Carol Stream, IL 60188', 'OlympiaPress@Gmail.com', '(905) 555-9876', '2456.54');
insert into publisher values ('5003', 'Chatto & Windus', '22 Foxrun Court, Lawndale, CA 90260', 'ChattoWindus@Gmail.com', '(905) 555-2678', '123.24');
insert into publisher values ('5004', 'Johathan Cape', '30 Inverness Street, Bedford, OH 44146', 'JCape@Gmail.com', '(905) 555-2344', '124566.63');
insert into publisher values ('5005', 'Simon & Schuster', '71 Walnut St., Severn, MD 21144', 'SandS@Gmail.com', '(905) 555-1111', '352.56');
insert into publisher values ('5006', 'Macmillan', '348 Fairground Street, Desoto, TX 75115', 'Macmillan@Gmail.com', '(905) 555-4667', '6783.52');
insert into publisher values ('5007', 'Gerald Duckworth', '7271 Wintergreen Street, Princeton, NJ 08540', 'GDuckworth69@Gmail.com', '(905) 555-2766', '4444.60');
insert into publisher values ('5008', 'The Viking Press', '7 Illinois Dr., Royal Oak, MI 48067', 'VikingPress@Gmail.com', '(905) 555-7345', '523.32');
insert into publisher values ('5009', 'Reynal & Hitchcock', '3 Henry Smith Street, Northville, MI 48167', 'ReynalHitchcock@Gmail.com', '(905) 555-4566', '5578.50');
insert into publisher values ('5010', 'Secker & Warburg', '361 Willow St., Mason, OH 45040', 'SeckerDerWarburg@Gmail.com', '(905) 555-4445', '2432.00');
insert into isbn values ('12001', '5001', '23', '0.02', '12.99');
insert into isbn values ('12002', '5002', '15', '0.12', '20.99');
insert into isbn values ('12003', '5003', '15', '0.13', '25.00');
insert into isbn values ('12004', '5004', '23', '0.20', '9.99');
insert into isbn values ('12005', '5005', '40', '0.04', '30.50');
insert into isbn values ('12006', '5006', '52', '0.07', '45.05');
insert into isbn values ('12007', '5007', '34', '0.07', '100.00');
insert into isbn values ('12008', '5008', '30', '0.08', '54.54');
insert into isbn values ('12009', '5009', '23', '0.17', '60.00');
insert into isbn values ('12010', '5010', '30', '0.03', '9.99');
insert into book values ('12001', 'The Great Gatsby', 'F.Scott Fitzgerald', '1925', 'Historical Fiction', '152');
insert into book values ('12002', 'Lolita', 'Vladimir Nabokov', '1955', 'Erotic Fiction', '336');
insert into book values ('12003', 'Brave New World', 'Aldous Huxley', '1932', 'Science Fiction', '311');
insert into book values ('12004', 'The Sound of Fury', 'William Faulkner', '1929', 'Psychological Fiction', '336');
insert into book values ('12005', 'Catch-22', 'Joseph Heller', '1961', 'Historical Fiction', '453');
insert into book values ('12006', 'Darkness at Noon', 'Arthur Koestler', '1940', 'Historical Fiction', '254');
insert into book values ('12007', 'Sons and Lovers', 'D.H. Lawrence', '1913', 'Autobiography', '423');
insert into book values ('12008', 'The Grapes of Wrath', 'John Steinbeck', '1939', 'Historical Fiction', '464');
insert into book values ('12009', 'Under the Volcano', 'Malcolm Lowry', '1947', 'Psychological Fiction', '499');
insert into book values ('12010', '1984', 'George Orwell', '1949', 'Science Fiction', '328');
insert into book_user values ('willowiscool@gmail.com', 'willow', 'irock', '6 Evergreen Lane, Colonial Heights, VA 23834', '99 Ashley St., Wenatchee, WA 98801', '(905) 555-4545');
insert into book_user values ('willowmyneighboursucks@gmail.com', 'moi', 'upaper', '7 Evergreen Lane, Colonial Heights, VA 23834', '7 Evergreen Lane, Colonial Heights, VA 23834', '(905) 555-4995');
insert into checkout values ('7001', 'willowiscool@gmail.com', '6 Evergreen Lane, Colonial Heights, VA 23834', '7 Evergreen Lane, Colonial Heights, VA 23834');
insert into book_order values ('10000001', '12001', '7001', '1');
insert into book_order values ('10000002', '12003', '7001', '1');
insert into book_order values ('10000003', '12009', '7001', '2');
